country,ISO Country code,population,id,surface area (Km2),Score,GINI index,happy planet index,human development index,world happiness report score,sustainable economic development assessment (SEDA),GDP (billions PPP),GDP per capita (PPP),GDP growth(annual %),health expenditure % of GDP,health expenditure per person,education expenditure % of GDP,education expenditure per person ,school life expectancy (YEARS),unemployment (%),government spending score,government expenditure (% of GDP),political rights score ,civil liberties score ,political stability & absence of violence,government effectiveness,regulatory quality,rule of law,control of corruption,judicial effectiveness score,government integrity score,property rights score,tax burden score,overall economic freedom score,financial freedom score,women MPs (% of all MPs)
Afghanistan,AFG,"36,000,000",4,"652,230",0.15745852980324224,,20.2,0.498,2.66,,64.1,1919.0,1.5,10.3,184.0,3.8,24.0,11.0,8.5,79.3,26.3,5,6,-2.78,-1.3,-1.3,-1.57,-1.52,28.2,26.2,17.9,91.8,51.3,10.0,27.7
Albania,ALB,"2,900,000",8,"27,398",0.6495061289282671,29.0,36.8,0.785,4.64,53.1,34.2,11840.0,2.6,6.8,774.0,,,16.0,16.3,72.7,30.1,3,3,0.4,0.1,0.2,-0.4,-0.42,25.4,39.9,54.1,85.1,64.5,70.0,27.9
Algeria,DZA,"41,000,000",12,"2,381,740",0.5883953814706786,35.3,33.3,0.754,5.25,45.8,612.5,15027.0,3.7,7.1,1031.0,,,14.0,11.2,45.9,42.5,6,5,-0.96,-0.6,-1.2,-0.86,-0.61,35.2,29.0,27.8,74.0,44.7,30.0,25.8
Andorra,AND,"77,000",20,468,0.8414023372287146,,,0.858,,,,,,12.0,5949.0,3.0,,,,,,1,1,1.45,1.9,1.2,1.6,1.24,,,,,,,32.1
Angola,AGO,"30,000,000",24,"1,246,700",0.3564035354363888,42.7,,0.581,,28.4,187.3,6844.0,3.0,2.9,196.0,,,10.0,6.6,69.1,32.1,6,6,-0.29,-1.0,-1.0,-1.1,-1.41,25.4,18.9,36.0,82.4,48.6,40.0,38.2
Antigua & Barbuda,ATG,"102,000",28,443,0.7111853088480803,,,0.78,,,,,,4.8,1105.0,,,14.0,,,,2,2,0.76,0.0,0.3,0.44,0.24,,,,,,,11.1
Argentina,ARG,"44,000,000",32,"2,736,690",0.656049998630168,41.7,35.2,0.825,6.04,57.3,874.1,20048.0,1.2,2.9,1390.0,5.4,657.0,17.0,6.6,55.6,38.5,2,2,0.18,0.2,-0.3,-0.25,-0.26,44.5,32.6,40.8,65.7,52.3,60.0,38.9
Armenia,ARM,"3,000,000",51,"28,203",0.5397054910023145,31.5,25.7,0.755,4.29,51.7,25.8,8621.0,3.0,10.1,883.0,2.2,90.0,13.0,16.8,80.0,25.8,5,4,-0.71,-0.1,0.3,-0.16,-0.56,47.4,40.5,55.3,84.7,68.7,70.0,18.1
Australia,AUS,"25,000,000",36,"7,682,300",0.7733302415156806,30.3,21.2,0.939,7.26,78.9,1187.3,48899.0,2.5,9.4,4492.0,5.2,3236.0,20.0,5.7,61.2,36.0,1,1,0.9,1.5,1.9,1.68,1.8,93.4,77.4,78.7,63.0,80.9,90.0,28.7
Austria,AUT,"9,000,000",40,"82,445",0.8255027006576914,30.5,30.5,0.908,7.29,80.3,417.2,48005.0,0.9,10.3,5138.0,5.4,2817.0,16.0,6.1,19.4,51.8,1,1,1.04,1.5,1.4,1.81,1.53,80.9,73.5,83.5,49.9,71.8,70.0,30.6
Azerbaijan,AZE,"10,000,000",31,"82,629",0.6003621109366212,33.7,,0.757,5.15,51.1,165.5,17439.0,1.1,6.7,1191.0,2.6,208.0,13.0,5.1,59.4,36.8,7,6,-0.76,-0.2,-0.3,-0.56,-0.88,36.8,39.9,53.6,87.5,64.3,60.0,16.8
Bahamas,BHS,"400,000",44,"10,010",0.6982169222306929,,,0.807,,60.4,9.0,24555.0,0.5,7.4,1699.0,,,,15.3,82.9,23.8,1,1,1.0,0.6,0.1,0.19,1.17,53.5,50.9,46.5,96.5,63.3,60.0,12.8
Bahrain,BHR,"1,300,000",48,760,0.7360089420274406,,,0.846,6.23,63.9,66.9,50704.0,3.2,5.2,2453.0,2.5,616.0,,1.3,66.4,33.4,7,6,-0.95,0.2,0.4,0.45,-0.14,55.1,51.8,62.1,99.9,67.7,80.0,7.5
Bangladesh,BGD,"165,000,000",50,"130,170",0.5206283956135974,32.1,38.4,0.608,4.31,35.3,628.4,3891.0,6.4,2.6,88.0,,,10.0,4.1,94.2,13.9,4,4,-1.25,-0.7,-0.8,-0.67,-0.83,32.6,21.2,32.4,72.7,55.1,30.0,20.3
Barbados,BRB,"300,000",52,430,0.6952640238547869,,,0.8,,60.8,4.8,17100.0,0.5,7.5,1234.0,6.2,1013.0,15.0,11.4,39.3,45.0,1,1,0.98,0.8,0.5,0.66,1.42,54.4,53.8,51.4,74.0,57.0,60.0,16.7
Belarus,BLR,"10,000,000",112,"202,900",0.630145510346332,26.5,21.7,0.808,5.55,59.9,171.0,18000.0,-3.9,6.1,1085.0,4.8,401.0,16.0,0.5,47.9,41.7,6,6,0.03,-0.4,-0.7,-0.82,-0.26,57.3,42.0,53.5,89.8,58.1,10.0,34.5
Belgium,BEL,"11,000,000",56,"30,278",0.7864130170800196,25.9,23.7,0.916,6.93,77.5,509.5,45047.0,1.4,10.5,4782.0,6.6,3124.0,20.0,8.3,12.1,54.1,1,1,0.42,1.2,1.2,1.34,1.5,69.5,70.9,81.2,44.0,67.5,70.0,38.0
Belize,BLZ,"400,000",84,"22,806",0.5725000924917202,,33.8,0.708,,48.5,3.1,8220.0,1.5,6.2,524.0,6.5,314.0,13.0,11.0,65.5,33.9,1,2,0.05,-0.6,-0.5,-0.96,-0.27,53.5,34.7,42.1,80.0,57.1,50.0,9.4
Benin,BEN,"11,000,000",204,"110,622",0.32957732363045955,36.5,13.4,0.515,4.85,34.5,23.6,2119.0,5.2,4.0,84.0,4.3,41.0,12.0,1.0,85.6,21.9,2,2,0.05,-0.6,-0.5,-0.62,-0.55,31.3,30.2,35.5,67.4,56.7,50.0,7.2
Bhutan,BTN,"800,000",64,"38,394",0.49816576689793485,38.8,28.6,0.612,,47.7,6.5,8227.0,7.7,3.5,287.0,5.9,148.0,13.0,2.4,72.2,30.5,3,4,1.13,0.6,-0.3,0.63,1.57,51.6,50.9,60.9,83.0,61.8,30.0,8.5
Bolivia,BOL,"11,000,000",68,"1,083,301",0.4595365464077183,47.0,23.3,0.693,5.65,44.8,78.7,7219.0,4.8,6.4,446.0,7.3,228.0,,3.7,46.5,42.2,3,3,-0.3,-0.4,-0.9,-1.21,-0.66,11.4,23.1,19.0,85.7,44.1,40.0,53.1
Bosnia and Herzegovina,BIH,"3,900,000",70,"51,187",0.5568920453294626,33.8,25.3,0.768,5.09,50.2,42.2,10958.0,2.8,9.4,1102.0,,,14.0,25.8,41.5,44.1,4,4,-0.38,-0.5,-0.2,-0.21,-0.52,43.7,28.4,39.5,83.5,61.4,60.0,21.4
Botswana,BWA,"2,200,000",72,"566,730",0.27219984825258187,60.5,16.6,0.717,3.5,44.1,36.7,17042.0,-0.3,6.0,970.0,,,13.0,18.4,63.4,34.9,3,2,1.03,0.4,0.5,0.51,0.8,54.7,56.6,57.7,76.1,69.9,70.0,9.5
Brazil,BRA,"209,000,000",76,"8,358,140",0.5867026919672121,49.0,34.3,0.759,6.33,51.6,3141.3,15242.0,-3.8,8.9,1392.0,5.9,715.0,15.0,11.5,50.7,40.5,2,2,-0.41,-0.3,-0.1,-0.28,-0.53,55.5,31.4,55.8,70.6,51.4,50.0,10.7
Brunei,BRN,"400,000",0,"5,265",0.8240419967769017,,,0.853,,72.5,32.5,76884.0,-0.2,2.6,2083.0,3.4,1393.0,15.0,2.0,57.7,37.5,6,5,1.19,1.1,0.7,0.65,0.71,57.1,45.4,56.6,85.6,64.2,50.0,9.1
Bulgaria,BGR,"7,000,000",100,"108,489",0.5531174048831937,40.2,20.4,0.813,,59.9,144.6,20327.0,3.0,8.2,1492.0,,,15.0,8.0,60.5,36.3,2,2,0.37,0.3,0.6,-0.04,-0.16,42.5,38.2,63.6,90.9,68.3,60.0,23.8
Burkina Faso,BFA,"19,000,000",854,"273,800",0.3010961649628741,39.5,17.9,0.423,4.65,33.4,32.8,1782.0,4.0,5.4,96.0,4.6,32.0,8.0,3.0,83.7,23.3,4,3,-0.92,-0.6,-0.4,-0.4,-0.11,47.1,31.8,42.1,80.6,60.0,40.0,11.0
Burundi,BDI,"11,000,000",108,"25,680",0.22231254121477942,42.4,15.6,0.417,,28.3,7.9,814.0,-4.1,8.2,64.0,,,11.0,1.6,78.6,26.7,7,6,-1.97,-1.3,-0.8,-1.4,-1.28,21.7,26.2,17.6,71.0,50.9,30.0,36.4
Cabo Verde,CPV,"500,000",0,"4,033",0.5008347245409016,,,0.654,,,3.5,6662.0,1.8,4.9,310.0,5.0,175.0,13.0,10.5,71.5,30.8,1,1,0.9,0.2,-0.2,0.41,0.84,52.0,42.8,42.1,74.0,60.0,60.0,23.6
Cambodia,KHM,"16,000,000",116,"176,515",0.42286121093968915,37.9,25.6,0.582,4.59,38.5,59.0,3737.0,6.9,6.0,210.0,1.9,21.0,11.0,0.3,86.5,21.2,6,5,0.17,-0.7,-0.5,-1.06,-1.29,24.5,17.7,36.0,89.8,58.7,50.0,20.3
Cameroon,CMR,"24,000,000",120,"472,710",0.32509704313936927,44.6,16.7,0.556,5.07,32.1,76.9,3249.0,5.9,5.1,163.0,,,12.0,4.5,86.1,21.6,6,6,-1.08,-0.8,-0.8,-1.02,-1.18,29.4,23.4,40.6,73.7,51.9,50.0,31.1
Canada,CAN,"37,000,000",124,"9,093,507",0.7397499934998664,32.1,23.9,0.926,,76.9,1682.4,46437.0,1.2,10.4,4600.0,,,,7.1,52.3,39.9,1,1,1.11,1.9,1.9,1.8,1.92,77.1,78.3,87.5,76.7,77.7,80.0,26.3
Central African Republic,CAF,"4,900,000",140,"622,984",0.1678867231610839,43.6,,0.367,3.48,16.1,3.2,652.0,4.3,4.8,32.0,,,7.0,6.9,94.6,13.4,7,7,-1.94,-1.8,-1.5,-1.73,-1.17,28.2,24.6,17.9,64.6,49.2,30.0,8.6
Chad,TCD,"15,000,000",148,"1,259,200",0.20269631055684395,43.3,12.8,0.404,4.56,20.4,29.0,2445.0,1.8,4.6,100.0,,,7.0,5.8,90.5,17.7,7,6,-1.34,-1.5,-1.2,-1.3,-1.43,24.1,23.1,25.1,44.8,49.3,40.0,12.8
Chile,CHL,"18,000,000",152,"743,812",0.6223505400693237,50.5,31.7,0.843,6.32,62.6,438.8,24113.0,2.1,8.1,1903.0,4.7,699.0,16.0,6.6,81.3,25.0,1,1,0.38,0.9,1.3,1.01,1.04,63.4,61.2,67.9,78.0,75.2,70.0,15.8
China,CHN,"1,386,000,000",156,"9,326,410",0.4926816128522895,46.5,25.7,0.752,5.1,50.8,21291.8,15399.0,6.9,5.3,762.0,,,14.0,4.6,71.6,30.7,7,6,-0.25,0.4,-0.2,-0.26,-0.27,65.4,47.3,46.7,70.4,57.8,20.0,24.2
Colombia,COL,"49,000,000",170,"1,038,700",0.6305217145531301,51.1,40.7,0.843,6.16,49.1,688.8,14130.0,3.1,6.2,853.0,4.7,369.0,14.0,9.9,74.4,29.2,3,3,-0.79,-0.1,0.3,-0.36,-0.37,36.4,33.4,60.7,80.3,68.9,70.0,18.7
Comoros,COM,"800,000",174,"2,235",0.3899415823655937,55.9,23.1,0.752,,,1.3,1529.0,1.0,8.0,121.0,4.9,41.0,11.0,20.0,77.8,27.2,3,4,0.03,-1.6,-1.0,-1.05,-0.68,28.2,27.5,36.7,59.7,56.2,30.0,6.1
Congo (Dem. Rep.),COD,"81,000,000",180,"2,267,048",0.28670330641972386,42.1,,0.457,4.31,24.8,65.0,773.0,7.7,4.3,34.0,,,9.0,3.6,94.8,13.2,7,6,-2.3,-1.6,-1.5,-1.69,-1.42,23.9,27.3,24.1,73.2,52.1,20.0,8.9
Congo (Rep.),COG,"4,500,000",178,"341,500",0.3277843747968615,48.9,18.8,0.606,4.88,32.7,29.8,6676.0,2.5,3.4,203.0,,,11.0,11.2,33.4,47.1,7,5,-0.53,-1.2,-1.3,-1.1,-1.33,28.2,24.6,32.4,60.8,38.9,30.0,11.3
Costa Rica,CRI,"4,900,000",188,"51,060",0.7222785824895184,48.5,44.7,0.794,7.23,58.9,80.7,16436.0,3.7,8.1,1286.0,6.9,729.0,15.0,9.0,88.9,19.3,1,1,0.51,0.3,0.5,0.45,0.47,57.8,51.8,54.8,79.3,65.6,50.0,35.1
Cote d'Ivoire,CIV,"24,000,000",384,"318,003",0.3998488886373452,41.5,14.4,0.794,5.04,30.5,87.8,3609.0,8.6,5.4,190.0,4.6,72.0,9.0,9.3,84.6,22.6,4,4,-1.09,-0.7,-0.4,-0.63,-0.52,44.2,36.6,39.4,76.4,62.0,50.0,10.6
Croatia,HRV,"4,200,000",191,"55,974",0.6747241753577198,30.8,30.2,0.831,5.34,64.5,95.1,22795.0,1.6,7.4,1656.0,,,15.0,13.5,32.5,47.4,1,2,0.75,0.6,0.4,0.33,0.19,56.5,40.5,65.9,66.0,61.0,60.0,18.5
Cuba,CUB,"11,000,000",192,"109,820",0.7061769616026711,,,0.777,,,142.0,12390.0,4.3,,,,,14.0,2.9,0.0,62.4,7,6,0.69,-0.2,-1.3,-0.43,0.27,10.0,38.1,29.7,49.0,31.9,10.0,48.9
Cyprus,CYP,"800,000",196,"9,241",0.7026632028308302,34.8,30.7,0.869,6.06,65.9,29.7,34970.0,1.6,6.8,2137.0,,,15.0,11.7,52.9,39.6,1,1,0.6,0.9,1.0,0.88,0.78,56.7,41.3,71.2,75.2,67.8,60.0,17.9
Czech Republic,CZE,"11,000,000",203,"77,247",0.7364742945525973,,27.3,0.888,6.79,71.1,350.7,33232.0,4.2,7.3,2470.0,,,17.0,4.0,48.6,41.4,1,1,1.02,1.0,1.2,1.12,0.57,57.9,51.1,73.0,82.9,74.2,80.0,20.0
Denmark,DNK,"6,000,000",208,"42,434",0.8704166914799764,29.0,32.7,0.929,7.59,82.0,273.9,47985.0,1.2,10.3,5083.0,,,19.0,6.1,10.6,54.6,1,1,0.87,1.8,1.6,1.86,2.19,83.6,84.1,84.8,41.4,76.6,80.0,37.4
Djibouti,DJI,"1,000,000",262,"23,180",0.291341817518923,40.9,16.4,0.476,,,3.3,3370.0,6.5,4.4,147.0,,,6.0,6.6,27.2,49.3,6,5,-0.71,-1.0,-0.6,-0.91,-0.64,13.8,29.0,19.0,69.8,45.1,50.0,10.8
Dominica,DMA,"100,000",212,751,0.6026711185308847,,,0.715,,,0.8,11375.0,-4.3,5.4,586.0,,,,,64.8,34.2,1,1,1.04,-0.3,0.1,0.65,0.65,69.2,49.9,48.6,72.9,64.5,30.0,25.0
Dominican Republic,DOM,"11,000,000",214,"48,320",0.5252590739099495,47.1,30.3,0.736,5.61,48.1,161.8,16050.0,7.0,6.2,873.0,,,13.0,14.4,90.6,17.7,3,3,0.16,-0.4,-0.1,-0.42,-0.74,23.1,26.2,51.7,84.6,61.6,40.0,26.8
Ecuador,ECU,"17,000,000",218,"276,841",0.5875744421626362,45.9,37.0,0.752,5.84,48.1,183.6,11109.0,0.0,6.8,980.0,,,15.0,5.4,52.5,39.8,3,3,-0.1,-0.3,-1.0,-0.7,-0.6,23.3,30.2,36.7,79.4,48.5,40.0,38.0
Egypt,EGY,"98,000,000",818,"995,450",0.46770318708293185,31.8,23.8,0.696,3.93,43.1,1132.4,12554.0,4.2,7.3,495.0,,,13.0,12.0,65.1,34.1,6,6,-1.42,-0.6,-0.9,-0.53,-0.54,52.5,32.2,32.7,84.2,53.4,50.0,14.9
El Salvador,SLV,"6,000,000",222,"20,721",0.6191456283379747,36.0,35.6,0.674,6.34,47.2,54.8,8909.0,2.4,10.3,578.0,3.4,124.0,13.0,6.3,86.3,21.3,2,3,-0.25,-0.4,-0.2,-0.86,-0.51,35.4,25.2,37.3,78.9,63.2,60.0,32.1
Equatorial Guinea,GNQ,"800,000",226,"28,051",0.39565943238731216,,,0.591,,,31.7,38639.0,-12.2,4.4,790.0,,,,7.3,61.0,36.1,7,7,-0.15,-1.4,-1.4,-1.49,-1.83,17.6,26.2,29.8,69.6,42.0,30.0,24.0
Eritrea,ERI,"5,000,000",232,"101,000",0.1435726210350584,,,0.44,,,9.2,1410.0,4.8,5.4,56.0,,,5.0,7.3,75.6,28.5,7,7,-0.66,-1.7,-2.2,-1.56,-1.2,13.8,23.4,35.5,79.9,41.7,20.0,22.0
Estonia,EST,"1,300,000",233,"42,388",0.6325636859023751,34.8,17.9,0.871,5.94,70.8,38.5,29313.0,1.1,6.2,1887.0,,,16.0,6.9,52.6,39.8,1,1,0.66,1.1,1.6,1.28,1.24,83.9,75.7,80.4,80.7,78.8,80.0,26.7
Eswatini,SWZ,"1,100,000",0,"17,204",0.26509686119150166,50.4,15.5,0.588,,,11.1,9776.0,1.7,7.0,,,,11.0,25.3,65.2,34.1,7,6,-0.3,-0.6,-0.6,-0.29,-0.3,35.3,26.9,55.3,74.8,55.9,40.0,6.2
Ethiopia,ETH,"105,000,000",231,"1,000,000",0.38062139391431715,33.0,26.7,0.463,4.18,32.3,177.5,1946.0,10.2,4.0,66.0,,,8.0,5.7,90.6,17.7,7,6,-1.69,-0.7,-1.0,-0.45,-0.56,37.6,37.7,31.1,76.5,52.8,20.0,38.8
Fiji,FJI,"900,000",242,"18,274",0.5607551603346619,,,0.741,,49.0,8.3,9268.0,4.3,3.6,331.0,,,,7.9,68.2,32.6,3,3,0.79,0.1,-0.2,-0.25,0.36,47.1,34.8,68.3,81.4,62.0,50.0,16.0
Finland,FIN,"6,000,000",246,"303,815",0.8734084032335288,27.2,31.3,0.92,7.79,81.3,231.4,42165.0,0.4,9.4,3669.0,7.2,3570.0,19.0,9.0,2.3,57.1,1,1,1.07,1.9,1.8,2.03,2.22,82.7,89.8,89.0,66.5,74.1,80.0,42.0
France,FRA,"67,000,000",250,"549,970",0.7847002722646401,29.3,30.4,0.901,6.64,73.9,2733.7,42314.0,1.1,11.1,4542.0,5.5,2373.0,16.0,10.0,2.7,57.0,1,2,0.21,1.4,1.2,1.44,1.26,72.7,65.1,84.0,47.3,63.9,70.0,39.0
Gabon,GAB,"1,900,000",266,"257,667",0.4049881134357786,42.2,17.5,0.702,4.78,40.9,35.9,19057.0,4.0,2.7,481.0,,,,18.5,84.6,22.6,7,5,-0.09,-0.9,-0.8,-0.68,-0.81,27.8,33.4,29.9,74.3,58.0,40.0,17.1
"Gambia, The",GMB,"2,100,000",0,"10,120",0.2509808013355592,50.2,,0.46,,,3.4,1667.0,4.4,6.6,,,,9.0,29.7,74.0,29.4,4,5,,,,,,38.8,36.8,34.4,71.9,52.3,50.0,10.3
Georgia,GEO,"3,700,000",268,"69,700",0.5558399941669999,40.1,31.1,0.78,4.45,55.4,37.2,10044.0,2.8,7.9,718.0,,,15.0,11.6,73.3,29.8,3,3,-0.37,0.6,1.1,0.33,0.74,64.2,61.8,62.8,87.0,76.2,60.0,16.0
Germany,DEU,"83,000,000",276,"348,672",0.8373627813442803,27.0,29.8,0.936,7.07,79.6,3980.3,48111.0,1.5,11.2,5357.0,4.9,2369.0,17.0,4.3,41.3,44.2,1,1,0.58,1.7,1.8,1.61,1.84,78.0,75.3,81.0,61.3,74.2,70.0,37.0
Ghana,GHA,"29,000,000",288,"227,533",0.41747897125021644,42.3,21.4,0.592,5.48,40.2,121.7,4412.0,3.5,5.9,249.0,6.2,89.0,12.0,5.8,79.0,26.5,1,2,0.09,-0.1,-0.1,0.13,-0.23,43.7,32.9,48.9,83.5,56.0,60.0,12.7
Greece,GRC,"11,000,000",300,"130,647",0.6083030910793864,36.7,23.6,0.87,5.15,64.1,289.4,26669.0,-0.2,8.4,2204.0,,,18.0,23.9,20.9,51.3,2,2,-0.13,0.3,0.2,0.08,-0.14,59.0,37.9,52.3,60.4,57.3,40.0,18.3
Grenada,GRD,"108,000",308,344,0.6978297161936561,,,0.772,,,,,,5.0,677.0,,,17.0,,,,1,2,1.03,-0.2,-0.1,0.44,0.48,,,,,,,33.3
Guatemala,GTM,"17,000,000",320,"107,159",0.5033811647015756,53.0,34.2,0.65,6.33,42.5,131.7,7899.0,4.0,5.7,444.0,2.9,108.0,11.0,2.4,95.3,12.5,4,4,-0.57,-0.6,-0.3,-1.06,-0.74,33.1,27.3,40.4,79.2,63.4,50.0,12.7
Guinea,GIN,"13,000,000",324,"245,717",0.3443479879742256,39.4,,0.459,4.87,28.3,16.0,1265.0,0.1,4.5,57.0,2.4,18.0,9.0,6.8,80.6,25.4,5,5,-0.61,-1.0,-0.8,-1.23,-1.01,28.2,26.9,32.4,65.9,52.2,40.0,21.9
Guinea-Bissau,GNB,"1,700,000",624,"28,120",0.1686143572621036,,,0.455,,,2.9,1730.0,4.8,6.9,100.0,,,,6.5,85.6,21.9,5,5,-0.6,-1.8,-1.2,-1.44,-1.56,53.5,27.3,31.1,86.4,56.9,30.0,13.7
Guyana,GUY,"800,000",328,"196,849",0.4505576249433063,44.6,,0.654,,42.8,6.0,7873.0,3.0,4.5,336.0,,,10.0,11.4,70.8,31.2,2,3,-0.04,-0.3,-0.4,-0.29,-0.51,42.5,34.8,42.1,68.4,58.7,30.0,31.9
Haiti,HTI,"11,000,000",332,"27,560",0.22777427084869162,60.8,28.6,0.498,3.82,24.2,19.4,1784.0,1.0,6.9,120.0,,,,13.2,85.6,21.9,5,5,-0.7,-2.1,-1.3,-1.09,-1.24,42.5,24.6,25.1,80.1,55.8,30.0,2.5
Honduras,HND,"9,000,000",340,"111,890",0.4641557793995029,47.1,27.2,0.617,6.02,41.9,43.2,5272.0,3.6,7.6,353.0,,,11.0,6.3,76.6,27.9,4,4,-0.55,-0.5,-0.4,-1.05,-0.72,34.5,28.2,44.3,82.8,60.6,60.0,25.8
Hungary,HUN,"10,000,000",348,"89,608",0.699321269104588,28.2,26.4,0.838,6.07,66.1,270.3,27482.0,2.9,7.2,1912.0,4.6,658.0,15.0,5.2,29.4,48.5,3,2,0.81,0.5,0.7,0.53,0.09,57.1,36.4,57.6,78.6,66.7,70.0,10.1
Iceland,ISL,"300,000",352,"100,250",0.8680134781881043,28.0,31.1,0.935,7.48,83.7,16.5,49136.0,4.0,8.6,4116.0,,,20.0,3.8,44.2,43.1,1,1,1.37,1.5,1.4,1.61,1.84,72.6,77.3,86.7,72.1,77.0,70.0,47.6
India,IND,"1,339,000,000",356,"2,973,193",0.461579981740624,35.2,29.2,0.64,4.05,40.0,8662.4,6616.0,7.3,3.9,238.0,,,12.0,3.5,77.7,27.3,2,3,-0.83,0.1,-0.3,0.0,-0.24,54.3,47.2,55.4,79.4,54.5,40.0,11.8
Indonesia,IDN,"264,000,000",360,"1,811,569",0.5717951652624846,36.8,35.7,0.694,5.1,46.4,3032.1,11720.0,4.8,3.3,369.0,3.3,115.0,13.0,5.6,90.7,17.6,2,4,-0.51,0.0,-0.1,-0.35,-0.25,45.2,42.8,49.3,83.7,64.2,60.0,19.8
Iran,IRN,"81,000,000",0,"1,531,595",0.4844749368308981,44.5,24.0,0.798,4.72,48.0,1454.5,18078.0,0.0,7.6,1262.0,2.8,155.0,15.0,11.3,91.1,17.2,6,6,-0.93,-0.2,-1.2,-0.68,-0.81,35.3,32.6,32.5,81.0,50.9,10.0,5.9
Iraq,IRQ,"38,000,000",368,"437,367",0.40873876127150816,,26.5,0.685,4.46,37.0,647.2,17944.0,2.4,3.4,481.0,,,,16.0,45.4,42.7,5,6,-2.33,-1.3,-1.2,-1.64,-1.37,11.4,23.4,36.7,,,,25.3
Ireland,IRL,"4,700,000",372,"68,883",0.8194177373118243,31.3,30.0,0.938,7.06,80.3,324.9,69231.0,7.8,7.8,5335.0,,,19.0,8.1,69.6,31.9,1,1,1.02,1.3,1.6,1.43,1.55,79.0,79.0,87.7,76.1,80.4,70.0,22.2
Israel,ISR,"9,000,000",376,"20,330",0.7133500054933064,42.8,28.8,0.903,7.33,66.5,300.6,35179.0,2.6,7.4,2819.0,5.7,2154.0,16.0,5.6,51.8,40.1,1,3,-0.88,1.4,1.3,1.02,0.83,83.1,61.2,78.2,60.9,72.2,70.0,27.5
Italy,ITA,"61,000,000",380,"294,140",0.7192416949538362,31.9,28.1,0.88,6.2,69.1,2234.5,36833.0,0.8,9.0,3351.0,4.1,1443.0,16.0,11.5,24.1,50.3,1,1,0.24,0.5,0.7,0.32,0.19,60.9,40.1,71.2,55.2,62.5,50.0,31.0
Jamaica,JAM,"2,800,000",388,"10,831",0.641343281783214,35.0,36.9,0.732,5.89,49.7,25.4,8976.0,1.1,5.9,511.0,6.0,292.0,,13.3,77.2,27.6,2,3,0.25,0.5,0.1,-0.16,-0.17,56.6,39.4,60.9,80.0,69.1,50.0,17.5
Japan,JPN,"127,000,000",392,"364,485",0.7065024330420693,37.9,28.3,0.909,5.91,75.2,5237.8,41275.0,0.5,10.9,4405.0,3.6,1368.0,15.0,3.1,54.1,39.1,1,1,1.12,1.6,1.4,1.57,1.52,73.2,79.2,86.0,67.4,72.3,60.0,9.3
Jordan,JOR,"10,000,000",400,"88,802",0.5284404199757636,39.7,,0.735,4.81,48.7,85.6,12278.0,2.5,6.3,568.0,,,13.0,13.2,69.4,32.0,5,5,-0.53,0.1,0.1,0.26,0.26,57.3,51.9,57.6,92.4,64.9,60.0,15.4
Kazakhstan,KAZ,"18,000,000",398,"2,699,700",0.618680566949709,26.3,19.1,0.8,5.88,57.7,451.3,25145.0,1.2,3.9,903.0,,,15.0,5.2,85.3,22.2,7,5,0.02,0.0,0.2,-0.41,-0.82,58.1,44.6,56.0,92.6,69.1,50.0,27.1
Kenya,KEN,"50,000,000",404,"569,140",0.35050686340589376,48.5,24.2,0.59,4.48,35.4,152.8,3361.0,5.6,5.2,157.0,5.3,70.0,11.0,11.0,77.5,27.4,4,4,-1.08,-0.3,-0.2,-0.41,-0.96,44.0,27.5,47.9,78.5,54.7,50.0,21.8
Kiribati,KIR,"100,000",296,811,0.43071786310517524,,,0.612,,,0.2,1823.0,4.2,7.6,152.0,,,12.0,,0.0,117.6,1,1,0.9,-0.3,-0.8,0.53,0.39,35.3,37.9,45.0,72.4,50.8,30.0,6.5
Korea (Dem. Peopleâ€™s Rep.),PRK,"25,000,000",408,"120,408",,,,,,,15.1,,1.0,,,,,11.0,4.3,0.0,,7,7,-0.48,-1.7,-2.3,-1.71,-1.48,5.0,25.2,29.8,0.0,5.8,0.0,16.3
Korea (Rep.),KOR,"51,000,000",410,"96,920",0.6514835221628095,35.7,24.8,0.903,5.87,,1934.0,37740.0,2.6,7.4,,5.1,1406.0,17.0,3.7,68.8,32.3,2,2,0.29,1.1,1.1,1.16,0.48,63.7,49.9,79.4,73.3,73.8,70.0,17.0
Kosovo,,"1,900,000",-2,"10,887",0.8401559454191033,23.2,,,6.15,,18.4,9600.0,3.3,,,,,,,77.9,27.1,3,4,-0.21,-0.4,-0.1,-0.42,-0.5,59.0,45.4,52.3,93.2,66.6,30.0,
Kuwait,KWT,"4,200,000",414,"17,818",0.7116538759717849,,,0.803,6.09,65.7,303.7,71887.0,0.9,4.0,2978.0,,,13.0,2.4,20.5,51.5,5,5,-0.04,-0.2,-0.1,0.1,-0.33,53.5,36.6,52.0,97.7,62.2,60.0,3.1
Kyrgyzstan,KGZ,"6,000,000",417,"191,801",0.5829212434844644,33.4,33.1,0.672,5.63,45.4,21.5,3521.0,3.5,8.2,287.0,5.5,71.0,13.0,7.7,58.2,37.3,5,5,-0.43,-0.7,-0.4,-0.93,-1.05,22.1,29.4,50.2,93.8,62.8,50.0,19.2
Laos,LAO,"7,000,000",0,"230,800",0.4426260037593407,36.7,,0.601,4.62,37.8,40.9,5710.0,7.0,2.8,,2.9,59.0,11.0,1.5,79.3,26.3,7,6,0.43,-0.4,-0.7,-0.88,-0.94,41.4,33.1,34.1,86.7,53.6,20.0,27.5
Latvia,LVA,"2,000,000",428,"62,249",0.613298794516002,34.5,17.1,0.847,6.09,66.1,50.6,25710.0,2.7,5.8,1429.0,5.3,828.0,16.0,9.9,59.0,37.0,2,2,0.46,0.9,1.2,0.93,0.54,58.9,45.4,68.3,84.0,73.6,60.0,16.0
Lebanon,LBN,"4,600,000",422,"10,230",0.46454360974974745,,21.9,0.757,5.15,44.8,85.2,18525.0,1.0,7.4,1117.0,,,11.0,6.8,78.2,26.9,6,4,-1.59,-0.5,-0.3,-0.82,-1.0,33.6,20.2,39.7,91.9,53.2,50.0,3.1
Lesotho,LSO,"1,900,000",426,"30,355",0.14825680484198617,63.2,16.7,0.52,,29.5,7.0,3601.0,2.5,8.4,251.0,,,11.0,27.4,23.8,50.4,3,3,-0.25,-0.9,-0.3,-0.27,-0.03,52.7,32.9,49.4,48.2,53.9,40.0,22.9
Liberia,LBR,"4,400,000",430,"96,320",0.35250274326053066,32.0,22.2,0.435,4.42,30.6,3.8,855.0,0.0,15.2,128.0,,,,4.0,59.4,36.8,3,3,-0.41,-1.4,-1.0,-0.97,-0.69,42.4,32.0,28.2,77.5,50.9,20.0,12.3
Libya,LBY,"6,000,000",434,"1,759,540",0.5852460403466466,,,0.706,5.65,,55.4,8679.0,-6.4,,,,,,19.2,0.0,92.9,7,6,-2.33,-1.8,-2.2,-1.78,-1.59,22.1,23.1,5.2,90.5,,,16.0
Liechtenstein,LIE,"38,000",438,160,0.938230383973289,,,0.916,,,6.1,160526.0,1.2,,,,,15.0,2.4,,,2,1,1.5,1.8,1.5,1.67,2.06,,,,,,80.0,12.0
Lithuania,LTU,"2,900,000",440,"62,680",0.635197762447451,37.9,21.0,0.858,6.27,67.4,86.1,29972.0,1.6,6.5,1875.0,4.5,742.0,17.0,9.2,63.9,34.7,1,1,0.78,1.0,1.2,0.99,2.06,66.7,50.9,73.8,86.4,75.3,70.0,21.3
Luxembourg,LUX,"600,000",442,"2,586",0.7156178328407217,30.4,13.2,0.904,7.06,83.2,59.9,104003.0,4.5,6.0,6382.0,4.0,4762.0,14.0,5.9,48.5,41.4,1,1,1.34,1.7,1.7,1.74,1.99,77.9,79.0,82.7,65.1,76.4,80.0,28.3
Macedonia,MKD,"2,100,000",807,"25,433",0.5241936552042389,33.7,23.4,,5.23,52.5,30.3,14597.0,3.7,6.1,857.0,,,13.0,26.7,70.3,31.5,4,3,-0.25,0.1,0.5,-0.24,-0.31,57.0,47.4,64.8,91.6,71.3,60.0,34.2
Madagascar,MDG,"26,000,000",450,"581,540",0.33100630579655616,41.0,,0.519,4.08,31.1,37.5,1505.0,3.0,5.2,77.0,,,11.0,2.1,92.9,15.4,3,4,-0.33,-1.1,-0.7,-0.86,-1.05,21.4,17.8,33.2,90.3,56.8,50.0,19.2
Malawi,MWI,"19,000,000",454,"94,080",0.2619041310039673,46.1,22.1,0.477,3.42,32.5,21.1,1135.0,3.0,9.3,108.0,4.8,17.0,11.0,6.7,70.7,31.3,3,3,-0.27,-0.7,-0.8,-0.37,-0.65,47.1,28.9,33.1,76.9,52.0,50.0,16.7
Malaysia,MYS,"32,000,000",458,"328,657",0.5882513551284866,46.2,30.3,0.802,,59.8,863.3,27267.0,5.0,4.0,1064.0,5.2,583.0,13.0,3.3,81.3,24.9,4,4,0.16,0.8,0.7,0.41,0.03,65.2,54.8,83.8,85.6,74.5,50.0,10.4
Maldives,MDV,"400,000",462,298,0.6130050083472454,38.4,,0.717,,,5.5,15553.0,1.9,11.5,1514.0,3.5,314.0,,3.2,45.5,42.6,5,5,0.26,-0.5,-0.4,-0.62,-0.79,38.8,36.6,45.0,94.3,51.1,30.0,5.9
Mali,MLI,"19,000,000",466,"1,220,190",0.3253399161369374,40.1,,0.427,4.74,29.7,38.1,2266.0,6.1,5.8,118.0,3.6,31.0,8.0,8.1,85.3,22.2,5,4,-1.91,-0.9,-0.6,-0.78,-0.63,32.4,31.4,31.9,68.1,57.6,40.0,8.8
Malta,MLT,"400,000",470,316,0.7610629468192313,28.1,29.0,0.878,6.68,68.8,17.3,39834.0,6.3,9.6,3471.0,7.2,1874.0,15.0,5.3,51.0,40.4,1,1,1.27,1.0,1.3,1.14,0.74,62.8,49.9,68.1,64.7,68.5,60.0,11.9
Marshall Islands,MHL,"53,000",584,181,0.5909849749582637,,,0.708,,,,,,22.1,863.0,,,,,,,1,1,0.2,-1.6,-1.0,0.14,0.0,,,,,,,9.1
Mauritania,MRT,"3,800,000",478,"1,030,700",0.3347742466939554,37.0,18.0,0.52,4.68,28.9,16.4,4328.0,1.9,4.6,177.0,,,9.0,11.7,72.8,30.1,6,5,-0.62,-0.7,-0.8,-0.6,-0.75,17.6,28.9,23.9,75.9,54.0,40.0,25.2
Mauritius,MUS,"1,300,000",480,"2,030",0.6379107627519637,35.9,27.4,0.79,6.17,60.2,25.9,20422.0,3.4,5.5,1099.0,4.9,499.0,15.0,7.8,80.7,25.4,1,2,0.99,0.9,1.0,0.68,0.2,69.6,52.1,68.7,91.0,75.1,70.0,11.6
Mexico,MEX,"129,000,000",484,"1,943,945",0.6317299059182055,48.2,40.7,0.774,6.41,49.1,2315.7,18938.0,2.5,5.9,1009.0,5.3,564.0,13.0,4.0,78.1,27.0,3,3,-0.65,0.0,0.2,-0.57,-0.93,39.0,26.9,58.6,75.7,64.8,60.0,42.6
Micronesia,FSM,"100,000",0,702,0.25412979966611016,61.1,,0.627,,,0.3,3234.0,-0.2,13.1,458.0,,,,,7.4,55.6,1,1,1.2,0.1,-1.0,0.01,0.75,25.4,38.8,5.2,93.2,52.3,30.0,0.0
Moldova,MDA,"3,600,000",0,"32,891",0.6197988711142759,26.8,,0.7,5.33,48.7,18.9,5328.0,-1.1,10.2,515.0,7.5,168.0,12.0,5.0,56.7,38.0,3,3,-0.24,-0.5,0.0,-0.41,-0.8,26.3,26.6,53.5,85.3,58.4,50.0,22.8
Monaco,MCO,"39,000",492,2,,,,,,,,,,2.0,3407.0,1.0,,,,,,3,1,1.65,,,,,,,,,,,20.8
Mongolia,MNG,"3,000,000",496,"1,553,556",0.48842429755670763,34.0,14.3,0.741,5.33,50.6,37.0,12275.0,2.3,3.9,470.0,4.7,197.0,15.0,6.7,57.1,37.8,1,2,0.82,-0.3,-0.1,-0.3,-0.45,30.9,34.8,51.0,88.4,55.7,60.0,17.1
Montenegro,MNE,"600,000",499,"13,452",0.627768811969232,31.9,25.1,0.814,5.61,,10.4,16643.0,4.1,6.0,957.0,,,15.0,17.5,35.7,46.3,3,3,0.01,0.2,0.3,0.01,-0.09,51.3,38.1,54.2,85.2,64.3,50.0,23.5
Morocco,MAR,"36,000,000",504,"446,300",0.5299243932479626,40.9,32.7,0.667,5.31,45.8,281.8,8330.0,4.5,5.5,435.0,,,12.0,10.0,70.5,31.4,5,5,-0.41,-0.2,-0.2,-0.17,-0.13,44.3,41.3,53.8,70.5,61.9,70.0,20.5
Mozambique,MOZ,"30,000,000",508,"786,380",0.27784514563879137,45.6,23.7,0.437,4.28,26.7,34.9,1215.0,6.3,5.4,64.0,,,10.0,24.4,60.7,36.2,4,4,-0.98,-0.9,-0.7,-1.01,-0.86,36.3,28.2,35.4,70.6,46.3,50.0,39.6
Myanmar,MMR,"53,000,000",104,"676,575",0.3348672027855439,,24.7,0.578,4.15,37.0,304.7,5832.0,7.0,4.9,267.0,,,,0.8,84.7,22.6,5,5,-1.08,-1.1,-0.8,-0.95,-0.56,17.6,28.2,32.5,86.3,53.9,20.0,10.2
Namibia,NAM,"2,300,000",516,"823,290",0.30637182992704054,59.7,21.6,0.647,4.44,39.1,26.0,11290.0,4.5,8.9,942.0,,,,25.6,50.4,40.7,2,2,0.65,0.2,-0.2,0.24,0.32,54.2,45.4,56.6,63.0,58.5,40.0,41.3
Nauru,NRU,"14,000",520,21,,,,,,,,,,4.8,1064.0,,,9.0,,,,2,2,0.57,-0.4,-1.1,-0.73,-0.47,,,,,,,10.5
Nepal,NPL,"29,000,000",524,"143,351",0.4915076036732696,32.8,30.5,0.574,4.74,41.7,71.5,2479.0,3.4,6.1,151.0,4.0,28.0,12.0,3.2,87.6,20.3,3,4,-0.66,-0.9,-0.7,-0.68,-0.75,36.2,24.6,37.5,84.2,54.1,30.0,29.6
Netherlands,NLD,"17,000,000",528,"33,893",0.8709038906330233,30.3,35.3,0.931,7.46,80.3,869.4,51049.0,1.9,10.7,5313.0,5.5,2884.0,18.0,6.2,39.1,45.0,1,1,0.92,1.9,2.1,1.83,1.87,74.1,86.0,87.9,52.5,76.2,80.0,36.0
New Zealand,NZL,"4,700,000",554,"264,537",0.8016695423794733,36.2,31.3,0.917,7.33,78.6,177.0,37294.0,3.4,9.3,3530.0,6.4,2832.0,19.0,5.2,49.5,41.0,1,1,1.59,1.8,2.1,1.92,2.24,88.4,95.7,95.1,70.5,84.2,80.0,34.2
Nicaragua,NIC,"6,000,000",558,"119,990",0.5725035760034399,47.1,38.7,0.658,6.48,43.5,33.6,5452.0,4.5,7.8,406.0,,,,5.9,80.0,25.8,5,4,-0.05,-0.6,-0.7,-0.64,-0.87,19.0,24.2,29.8,77.2,58.9,50.0,45.7
Niger,NER,"21,000,000",562,"1,266,700",0.30936453158322486,34.0,16.8,0.354,4.62,,20.1,1107.0,4.0,7.2,68.0,6.7,29.0,5.0,2.6,72.9,30.1,4,4,-1.3,-0.7,-0.7,-0.68,-0.65,32.6,30.4,37.4,73.3,49.5,40.0,17.0
Nigeria,NGA,"191,000,000",566,"910,768",0.32412806376309566,48.8,22.2,0.532,5.32,26.5,1091.2,5942.0,2.7,3.6,215.0,,,9.0,5.0,96.3,11.0,3,5,-1.94,-1.0,-0.9,-0.87,-1.07,39.6,14.4,38.0,84.4,58.5,40.0,5.6
Norway,NOR,"5,000,000",578,"304,282",0.9242830849328127,26.8,36.8,0.953,7.58,85.3,364.4,69250.0,1.6,10.0,6222.0,7.7,7466.0,18.0,4.8,29.2,48.6,1,1,1.15,2.0,1.8,2.02,2.24,86.0,93.6,86.4,56.4,74.3,60.0,39.6
Oman,OMN,"4,000,000",512,"309,500",0.5681868977897873,,21.1,0.821,,62.1,184.8,46698.0,4.1,2.7,1636.0,,,14.0,17.5,25.0,50.0,6,5,0.74,0.2,0.4,0.43,0.25,57.4,51.5,59.5,98.5,61.0,60.0,1.2
Pakistan,PAK,"197,000,000",586,"770,875",0.5068812519955006,30.7,31.5,0.562,5.83,27.9,988.2,5106.0,4.2,2.7,134.0,2.5,32.0,8.0,5.9,88.2,19.8,4,5,-2.4,-0.6,-0.6,-0.72,-0.78,34.0,27.3,36.0,78.5,54.4,40.0,20.6
Palau,PLW,"22,000",585,459,0.7412353923205343,,,0.798,,,,,,10.6,1611.0,,,17.0,,,,1,1,0.94,-0.2,-0.6,0.28,-0.47,,,,,,,12.5
Panama,PAN,"4,000,000",591,"74,340",0.6385594953721454,50.7,39.5,0.789,6.57,54.5,92.9,23024.0,5.8,7.0,1543.0,,,13.0,5.8,84.1,23.1,2,2,0.39,0.0,0.4,0.04,-0.54,29.4,38.8,60.9,85.0,67.0,70.0,18.3
Papua New Guinea,PNG,"8,000,000",598,"452,860",0.3123476627712855,50.9,,0.544,,,28.0,3541.0,9.0,3.8,99.0,,,,2.5,82.0,24.5,3,3,-0.58,-0.7,-0.7,-0.82,-0.9,55.1,33.1,38.0,71.1,55.7,30.0,0.0
Paraguay,PRY,"7,000,000",600,"397,302",0.4081482459372539,51.7,23.3,0.702,,46.2,64.4,9396.0,3.0,7.8,724.0,,,12.0,5.4,82.2,24.4,3,3,0.12,-0.8,-0.2,-0.65,-0.72,28.2,28.3,38.3,96.1,62.1,60.0,13.8
Peru,PER,"32,000,000",604,"1,279,996",0.5732596225579691,45.3,34.6,0.75,5.71,49.3,406.2,12903.0,3.3,5.3,671.0,3.7,240.0,13.0,4.9,85.6,21.9,2,3,-0.26,-0.1,0.4,-0.5,-0.5,33.5,36.6,56.9,80.6,68.7,60.0,27.7
Philippines,PHL,"105,000,000",608,"298,170",0.5446878839711325,44.4,35.0,0.699,5.59,44.5,805.2,7728.0,5.8,4.4,323.0,,,13.0,5.9,89.3,18.9,3,3,-1.24,-0.1,0.0,-0.41,-0.48,38.2,34.4,45.0,78.9,65.0,60.0,29.5
Poland,POL,"38,000,000",616,"304,255",0.7119253494479673,30.8,27.5,0.865,6.2,67.7,1054.1,27764.0,3.6,6.3,1704.0,4.9,705.0,16.0,6.2,47.8,41.7,1,2,0.52,0.6,0.9,0.47,0.73,56.6,50.9,61.8,75.9,68.5,70.0,28.0
Portugal,PRT,"10,000,000",620,"91,470",0.6633436567990544,33.9,24.8,0.847,5.71,70.8,298.7,28933.0,1.5,9.0,2661.0,5.1,1131.0,17.0,11.2,29.8,48.4,1,1,1.08,1.3,0.9,1.13,0.87,70.1,56.8,69.2,59.8,63.4,60.0,34.8
Qatar,QAT,"2,600,000",634,"11,586",0.8142629334053868,,,0.856,,70.8,329.2,127660.0,3.3,2.7,3900.0,3.6,3131.0,13.0,0.2,60.2,36.4,6,5,0.55,0.7,0.4,0.72,0.73,59.8,71.6,70.3,99.6,72.6,60.0,0.0
Romania,ROU,"20,000,000",642,"229,891",0.6930029352984738,27.3,28.8,0.811,6.09,60.0,441.6,22348.0,3.7,10.6,1090.0,3.1,313.0,15.0,6.4,66.9,33.2,2,2,0.06,-0.2,0.5,0.39,-0.03,59.7,40.0,61.0,87.3,69.4,50.0,20.7
Russia,RUS,"144,000,000",643,"16,377,742",0.5332959392008512,41.2,18.7,0.816,5.58,57.0,3799.7,26490.0,-3.7,7.0,1414.0,,,15.0,5.7,62.5,35.3,7,6,-0.67,-0.1,-0.5,-0.79,-0.89,46.9,38.1,48.7,85.8,58.2,30.0,15.8
Rwanda,RWA,"12,000,000",646,"24,668",0.28336161913661106,50.4,19.6,0.524,,38.0,22.8,1977.0,6.9,3.8,143.0,,,11.0,2.5,77.7,27.2,6,6,0.04,0.3,0.2,0.13,0.63,79.6,61.2,69.8,75.8,69.1,40.0,61.3
Saint Kitts and Nevis,KNA,"55,000",659,261,0.7078464106844743,,,0.778,,,,,,5.6,1443.0,,,,,,,1,1,0.64,0.6,0.6,0.53,0.51,,,,,,,13.3
Saint Lucia,LCA,"200,000",662,606,0.6560934891485809,,,0.747,,,2.1,11783.0,1.6,6.0,681.0,4.3,381.0,,19.8,72.4,30.3,1,1,1.15,0.3,0.3,0.6,0.59,69.2,50.9,67.9,75.5,67.6,40.0,16.7
Saint Vincent and the Grenadines,VCT,"100,000",0,389,0.6160267111853089,,,0.723,,,1.2,11271.0,1.6,4.2,470.0,,,,19.3,72.7,30.1,1,1,0.9,0.3,0.3,0.43,0.72,69.2,51.5,36.7,72.7,67.7,40.0,13.0
Samoa,WSM,"200,000",882,"2,821",0.5993322203672787,,,0.713,,,1.1,5553.0,1.7,7.8,336.0,,,,7.2,55.1,38.7,2,2,1.2,0.6,-0.1,0.87,0.66,38.8,40.1,53.1,79.9,61.5,30.0,10.0
San Marino,SMR,"33,000",674,61,,,,,,,,,,5.3,3675.0,,,15.0,,,,1,1,0.94,,,,,,,,,,,26.7
Sao Tome and Principe,STP,"200,000",678,964,0.601160267111853,30.8,,0.589,,,0.6,3072.0,4.0,4.4,308.0,3.7,68.0,13.0,13.6,69.5,31.9,2,2,0.22,-0.8,-0.8,-0.68,0.14,28.2,39.4,38.0,82.0,53.6,30.0,18.2
Saudi Arabia,SAU,"33,000,000",682,"2,149,690",0.6612806872300153,45.9,,0.853,6.29,62.6,1750.9,55158.0,3.4,6.3,3121.0,,,16.0,5.5,52.0,40.0,7,7,-0.62,0.3,0.0,0.1,0.36,60.2,49.9,53.1,99.7,59.6,50.0,19.9
Senegal,SEN,"16,000,000",686,"192,530",0.36517395750569753,40.3,21.9,0.505,4.68,38.4,39.7,2577.0,6.5,9.0,97.0,7.4,78.0,9.0,9.5,72.7,30.2,2,2,-0.04,-0.3,-0.2,-0.15,-0.09,40.4,42.6,41.3,68.5,55.7,40.0,41.8
Serbia,SRB,"7,000,000",688,"77,474",0.5766868496754999,38.7,29.0,0.787,5.12,54.9,101.8,14493.0,0.7,9.4,1324.0,4.2,259.0,15.0,16.5,40.6,44.5,3,2,0.1,0.2,0.0,-0.19,-0.37,48.2,36.5,46.2,83.5,62.5,50.0,34.4
Seychelles,SYC,"100,000",690,455,0.6804766132378628,,,0.797,,59.1,2.6,27602.0,4.4,3.4,867.0,,,14.0,,63.0,35.1,3,3,0.68,0.4,-0.2,0.1,0.68,38.8,38.8,60.7,73.4,61.6,30.0,21.2
Sierra Leone,SLE,"8,000,000",694,"71,620",0.287682219878894,34.0,15.3,0.419,4.09,32.9,10.8,1672.0,-21.5,18.3,256.0,2.7,19.0,,3.0,89.8,18.4,3,3,0.03,-1.2,-0.9,-0.79,-0.59,29.6,22.0,33.6,79.9,51.8,20.0,12.4
Singapore,SGP,"6,000,000",702,709,0.7680024333576163,45.9,,0.932,6.38,81.8,492.6,87855.0,2.0,4.3,3681.0,,,13.0,1.8,90.6,17.7,4,4,1.59,2.2,2.1,1.82,2.13,90.9,91.2,98.4,90.4,88.8,80.0,23.0
Slovakia,SVK,"5,000,000",703,"48,105",0.7542357943066731,23.7,28.2,0.855,6.37,67.4,170.1,31339.0,3.6,6.9,2062.0,4.2,788.0,15.0,10.0,44.3,43.1,1,1,0.88,0.8,0.8,0.57,0.22,38.8,38.2,68.2,78.9,65.3,70.0,20.0
Slovenia,SVN,"2,100,000",705,"20,151",0.7490863746410354,24.4,24.6,0.896,6.17,72.6,66.2,32085.0,2.9,8.5,2734.0,5.3,1281.0,17.0,8.7,31.2,47.9,1,1,0.89,1.2,0.6,1.02,0.81,57.7,52.1,76.6,58.7,64.8,50.0,36.7
Solomon Islands,SLB,"600,000",90,"27,986",0.320534223706177,,,0.546,,,1.2,1973.0,3.3,8.0,173.0,,,,31.4,35.6,46.3,3,2,0.21,-1.0,-0.8,-0.21,0.11,57.3,36.8,49.4,65.5,57.5,30.0,2.0
Somalia,SOM,"15,000,000",706,"627,337",,,,,,,5.9,,3.7,,,,,,6.6,,,7,7,-2.33,-2.2,-2.3,-2.31,-1.72,25.4,17.8,33.1,,,,24.4
South Africa,ZAF,"57,000,000",710,"1,214,470",0.27499236404986954,62.5,15.9,0.699,4.51,38.5,739.4,13225.0,1.3,8.2,1086.0,6.0,389.0,13.0,25.9,68.1,32.6,2,2,-0.27,0.3,0.2,-0.01,-0.01,65.9,45.4,67.7,62.5,63.0,50.0,42.0
South Sudan,SSD,"13,000,000",728,"644,329",0.1726501175339882,46.0,,0.388,2.82,,,,,2.5,71.0,1.7,22.0,,,,,7,7,-2.46,-2.5,-1.9,-1.94,-1.71,,,,,,,28.5
Spain,ESP,"47,000,000",724,"498,980",0.7614173223494334,35.9,36.0,0.891,6.23,71.8,1686.9,36416.0,3.2,9.2,3183.0,4.3,1268.0,18.0,19.4,42.8,43.7,1,1,0.27,1.0,0.9,1.01,0.49,62.0,51.5,73.1,62.0,65.1,70.0,39.1
Sri Lanka,LKA,"21,000,000",144,"64,630",0.5516205753133466,39.2,33.8,0.77,4.33,49.3,260.6,12262.0,5.2,3.0,353.0,1.9,74.0,14.0,5.0,89.3,18.9,3,4,-0.06,-0.2,-0.1,0.06,-0.45,52.0,30.7,46.5,84.9,57.8,40.0,5.8
Sudan,SDN,"41,000,000",729,"1,861,484",0.19868374072394263,,,0.502,,26.5,176.1,4447.0,3.5,6.3,277.0,,,7.0,13.3,95.3,12.5,7,7,-2.01,-1.4,-0.6,-1.11,-1.54,21.4,21.2,27.8,85.9,49.4,20.0,30.5
Suriname,SUR,"600,000",740,"156,000",0.5116348080209182,,25.4,0.72,,52.7,7.9,13988.0,0.1,6.5,1017.0,,,,10.0,76.4,28.1,2,2,0.14,-0.6,-0.5,-0.15,-0.17,21.4,39.9,39.7,71.4,48.1,30.0,25.5
Sweden,SWE,"10,000,000",752,"410,335",0.8508002423321314,24.9,28.0,0.933,7.29,81.9,498.1,49836.0,4.1,11.0,5299.0,7.7,4546.0,18.0,7.1,23.2,50.6,1,1,0.98,1.8,1.8,1.94,2.14,88.2,92.9,92.6,43.9,76.3,80.0,43.6
Switzerland,CHE,"8,000,000",756,"39,997",0.8834803362533966,29.5,34.3,0.944,7.47,83.8,496.0,59561.0,0.9,12.1,7583.0,5.1,4375.0,16.0,4.6,65.4,34.0,1,1,1.21,2.1,1.9,1.93,1.99,82.1,82.8,84.2,70.5,81.7,90.0,32.5
Syria,SYR,"18,000,000",0,"183,630",0.2506659479487757,,19.1,0.536,,,21.0,,-4.8,,,,,9.0,14.3,,,7,7,-2.63,-1.8,-1.8,-2.09,-1.56,22.1,23.1,36.7,,,,13.2
Taiwan,TWN,"24,000,000",0,"32,260",0.7306237816764132,33.6,,,6.36,,1132.1,48095.0,0.7,6.9,,,,,4.0,90.4,17.8,1,1,0.89,1.27,1.37,1.14,0.96,69.2,70.9,84.3,76.1,76.6,60.0,
Tajikistan,TJK,"9,000,000",762,"141,510",0.5824197792211759,32.6,34.2,0.65,5.83,41.3,26.0,3008.0,3.0,6.1,193.0,,,11.0,10.8,71.4,30.9,7,6,-0.67,-1.1,-1.1,-1.35,-1.33,50.3,38.2,46.8,91.8,58.3,30.0,19.0
Tanzania,TZA,"57,000,000",0,"885,800",0.33215797190407215,37.6,22.1,0.538,3.35,36.0,149.8,3080.0,7.0,3.8,96.0,3.5,32.0,8.0,2.6,89.8,18.5,4,4,-0.58,-0.6,-0.6,-0.45,-0.48,34.7,31.8,38.0,79.8,59.9,50.0,36.4
Thailand,THA,"69,000,000",764,"510,890",0.6137833704969874,44.5,37.3,0.755,5.94,52.4,1164.9,16888.0,2.8,3.1,610.0,,,16.0,0.6,85.5,22.0,6,5,-0.76,0.4,0.1,0.04,-0.39,45.3,34.7,48.6,81.3,67.1,60.0,4.8
Timor-Leste,TLS,"1,200,000",626,"14,874",0.6174603505843073,31.9,,0.625,,,5.0,4187.0,4.3,3.1,141.0,,,13.0,4.0,30.9,48.0,2,3,0.03,-1.0,-0.7,-1.17,-0.54,13.8,32.0,29.9,97.4,48.1,20.0,32.3
Togo,TGO,"8,000,000",768,"54,385",0.25886948286284045,46.0,13.2,0.503,4.36,34.9,11.6,1550.0,5.3,6.6,96.0,4.9,30.0,12.0,6.8,73.3,29.8,4,4,-0.74,-1.1,-0.8,-0.71,-0.71,28.2,31.4,32.7,64.3,47.8,30.0,17.6
Tonga,TON,"100,000",776,717,0.6210350584307179,,,0.726,,,0.6,5387.0,2.6,5.9,324.0,,,,4.9,68.7,32.3,2,2,0.79,-0.2,-0.4,0.31,-0.16,25.4,40.5,62.1,85.4,63.1,20.0,3.8
Trinidad and Tobago,TTO,"1,400,000",780,"5,128",0.5281220735734852,,15.7,0.784,6.19,58.7,43.6,31870.0,-1.8,6.0,2204.0,,,,3.9,54.4,39.0,2,2,0.29,0.3,0.0,-0.11,-0.36,49.8,33.1,54.9,83.5,57.7,50.0,31.0
Tunisia,TUN,"12,000,000",788,"155,360",0.48009839441648505,40.0,26.2,0.735,4.12,49.3,130.6,11634.0,0.8,6.7,774.0,,,15.0,14.8,75.5,28.6,2,3,-1.05,-0.1,-0.4,0.07,-0.11,41.7,36.8,49.4,73.0,58.9,30.0,31.3
Turkey,TUR,"81,000,000",792,"769,632",0.5687005048855795,40.2,26.4,0.791,5.61,53.3,1988.3,24912.0,3.8,4.1,996.0,4.4,530.0,16.0,10.3,68.1,32.6,5,6,-1.8,0.1,0.0,-0.25,-0.19,54.5,42.0,54.7,74.7,65.4,60.0,14.6
Turkmenistan,TKM,"6,000,000",795,"469,930",0.4262617669881137,40.8,14.6,0.706,5.23,,95.5,17485.0,6.5,6.3,1004.0,,,11.0,8.6,92.2,16.1,7,7,-0.15,-1.2,-2.0,-1.49,-1.48,5.0,27.3,29.8,95.9,47.1,10.0,25.8
Tuvalu,TUV,"11,000",798,26,,,,,,,,,,15.0,523.0,,,,,,,1,1,1.27,-0.7,-0.8,0.56,0.06,,,,,,,6.7
Uganda,UGA,"43,000,000",800,"197,100",0.30898574246884347,39.5,19.4,0.516,4.0,30.9,85.0,2068.0,5.0,7.3,139.0,2.3,16.0,10.0,2.3,90.9,17.4,6,4,-0.56,-0.6,-0.2,-0.3,-1.04,40.3,28.3,43.5,73.0,62.0,40.0,34.3
Ukraine,UKR,"45,000,000",804,"579,330",0.5758505122942547,25.5,26.4,0.751,4.31,52.5,353.0,8305.0,-9.9,6.1,469.0,5.9,173.0,15.0,8.9,45.0,42.8,3,3,-1.89,-0.5,-0.3,-0.71,-0.78,29.5,29.0,41.0,80.2,51.9,30.0,12.3
United Arab Emirates,ARE,"9,000,000",784,"83,600",0.8294109443844095,,,0.863,7.04,70.4,668.9,67871.0,3.9,3.5,2426.0,,,,3.7,70.9,31.2,7,6,0.63,1.4,1.0,0.8,1.13,83.4,77.3,76.3,98.4,77.6,60.0,22.5
United Kingdom,GBR,"66,000,000",826,"241,930",0.8055731917071107,32.4,31.9,0.922,7.1,74.6,2785.6,42481.0,2.2,9.9,4145.0,5.7,2664.0,18.0,4.8,44.4,43.0,1,1,0.26,1.4,1.7,1.68,1.84,93.8,79.0,92.2,65.2,78.0,80.0,32.0
United States,USA,"326,000,000",840,"9,147,593",0.6727792793523801,45.0,20.7,0.924,6.99,76.0,18569.1,57436.0,2.4,16.8,9536.0,5.0,2729.0,17.0,4.9,56.5,38.1,2,1,0.3,1.6,1.6,1.64,1.38,76.9,71.9,79.3,65.1,75.7,80.0,19.4
Uruguay,URY,"3,500,000",858,"175,015",0.686819048679976,41.6,36.1,0.804,6.34,64.2,74.9,21527.0,1.5,9.2,1748.0,,,16.0,8.2,68.6,32.4,1,1,1.06,0.4,0.7,0.59,1.29,67.0,71.6,69.3,78.0,69.2,30.0,20.2
Uzbekistan,UZB,"32,000,000",860,"425,400",0.577682508029185,36.8,29.1,0.71,6.42,43.1,205.7,6563.0,8.0,6.2,383.0,,,12.0,8.9,65.5,33.9,7,7,-0.28,-0.6,-1.3,-1.11,-1.16,35.3,24.2,48.7,91.0,51.5,10.0,16.0
Vanuatu,VUT,"300,000",548,"12,189",0.6435830878004616,,40.6,0.603,,,0.7,2631.0,-0.8,3.5,106.0,4.9,3.0,,5.4,78.5,26.8,2,2,0.71,-0.9,-0.3,0.49,0.01,47.1,75.4,67.9,97.0,69.5,40.0,0.0
Venezuela,VEN,"32,000,000",862,"882,050",0.5816692010633265,39.0,33.6,0.761,,43.1,427.0,13761.0,-5.7,3.2,579.0,,,14.0,6.9,57.3,37.7,6,5,-1.18,-1.4,-2.0,-2.26,-1.36,13.8,7.5,5.2,72.5,25.2,10.0,22.2
Vietnam,VNM,"96,000,000",704,"310,070",0.6264709620421808,34.8,40.3,0.694,5.18,50.8,595.5,6429.0,6.7,5.7,334.0,,,,2.2,74.0,29.4,7,5,0.31,0.0,-0.4,0.07,-0.58,36.3,30.4,46.4,79.7,53.1,40.0,26.7
Yemen,YEM,"28,000,000",887,"527,968",0.267462428687124,37.9,22.8,0.452,3.25,23.9,69.2,2375.0,-28.1,6.0,144.0,,,,17.1,80.9,25.2,7,6,-2.96,-1.9,-1.5,-1.75,-1.59,16.6,21.2,17.9,,,,0.0
Zambia,ZMB,"17,000,000",894,"743,398",0.2833077996200658,57.5,25.2,0.588,3.93,33.2,64.9,3880.0,3.6,5.4,203.0,,,,7.5,80.2,25.7,4,4,0.11,-0.6,-0.5,-0.33,-0.54,40.6,36.3,46.0,72.1,54.3,50.0,18.0
Zimbabwe,ZWE,"17,000,000",716,"386,847",0.2962542528544315,43.2,22.1,0.535,3.64,29.7,28.6,1970.0,1.5,10.3,182.0,7.5,78.0,10.0,5.1,72.0,30.6,6,5,-0.77,-1.2,-1.6,-1.38,-1.27,33.0,18.9,27.6,61.1,44.0,10.0,32.6
